url_path,views_total,views_unique
/jongpie/NebulaLogger,1666,864
/jongpie/NebulaLogger/tree/main/nebula-logger,411,107
/jongpie/NebulaLogger/wiki/Architecture,226,139
/jongpie/NebulaLogger/tree/main/nebula-logger/core/main,203,60
/jongpie/NebulaLogger/tree/main/nebula-logger/core,188,59
/jongpie/NebulaLogger/blob/main/README.md,129,46
/jongpie/NebulaLogger/tree/main/nebula-logger/core/main/configuration,99,33
/jongpie/NebulaLogger/blob/main/nebula-logger/core/main/logger-engine/classes/Logger.cls,91,22
/jongpie/NebulaLogger/issues,86,48
/jongpie/NebulaLogger/tree/main/nebula-logger/core/main/log-management,85,29
